SOAL;PILIHAN A;PILIHAN B;PILIHAN C;PILIHAN D;PILIHAN E;KUNCI JAWABAN;;;;;;
"      (PAR1)Industri tekstil dan garmen saat ini menjadi industri strategis bagi perekonomian negara mengingat Indonesia memiliki 250 juta penduduk. Industri ini merupakan sektor manufaktur terbesar ketiga dan menjadi salah satu industri yang paling banyak menyerap tenaga kerja. Pada tahun 2017, ekspor tekstil dan produk tekstil Indonesia mencapai US$12,4 miliar yang mana melebihi target Asosiasi Pertekstilan Indonesia (API) sebesar US$11,8 miliar.      (PAR2)Pakaian jadi (konveksi) merupakan salah satu andalan ekspor nonmigas Indonesia. Nilai ekspor konveksi tekstil tersebut merupakan terbesar ketiga setelah batu bara US$20,63 miliar dan minyak sawit US$17,89 miliar. Data Badan Pusat Statistik mencatat nilai ekspor pakaian jadi nasional ke AS sepanjang 2018 mencapai US$3,78 miliar (Rp52,87 triliun) tumbuh 9,3% dari tahun sebelumnya. Negara tujuan ekspor konveksi terbesar kedua adalah Jepang dengan nilai US$740,9 juta dan ketiga adalah Jerman dengan nilai US$372,48 juta. Data10 negara tujuan utama ekspor pakaian jadi Indonesia disajikan dalam data statistik berikut. Amerika = 3800 jt us dollar ; Jepang = 740,9 jt us dollar ; Jerman = 382 jt us dollar ; Korea = 347,2 jt us dollar ; Tiongkok = 244,6 jt us dollarInggris = 168,7 jt us dollar ; Australia = 180,3 jt us dollar ; Kanada = 178,8 jt us dollar ; Belgia = 146,5 jt us dollar ; Malaysia = 77,6 jt us dollar. Berdasarkan paragraf 1, manakah di bawah ini pernyataan yang benar?";Industri tekstil dan garmen menyerap 250 juta tenaga kerja.;Industri tekstil termasuk tiga besar sektor manufaktur Indonesia.;Industri tekstil berhasil mengekspor produk senilai US$11,8 miliar.;Industri tekstil merupakan kebutuhan pokok seluruh rakyat Indonesia.;Industri tekstil tanah air dipantau oleh Asosiasi Pertekstilan Indonesia(API).;b;;;;;;Industri tekstil termasuk tiga besar sektor manufaktur Indonesia. [benar, sesuai isi paragraf 1]
"      (PAR1)Industri tekstil dan garmen saat ini menjadi industri strategis bagi perekonomian negara mengingat Indonesia memiliki 250 juta penduduk. Industri ini merupakan sektor manufaktur terbesar ketiga dan menjadi salah satu industri yang paling banyak menyerap tenaga kerja. Pada tahun 2017, ekspor tekstil dan produk tekstil Indonesia mencapai US$12,4 miliar yang mana melebihi target Asosiasi Pertekstilan Indonesia (API) sebesar US$11,8 miliar.      (PAR2)Pakaian jadi (konveksi) merupakan salah satu andalan ekspor nonmigas Indonesia. Nilai ekspor konveksi tekstil tersebut merupakan terbesar ketiga setelah batu bara US$20,63 miliar dan minyak sawit US$17,89 miliar. Data Badan Pusat Statistik mencatat nilai ekspor pakaian jadi nasional ke AS sepanjang 2018 mencapai US$3,78 miliar (Rp52,87 triliun) tumbuh 9,3% dari tahun sebelumnya. Negara tujuan ekspor konveksi terbesar kedua adalah Jepang dengan nilai US$740,9 juta dan ketiga adalah Jerman dengan nilai US$372,48 juta. Data10 negara tujuan utama ekspor pakaian jadi Indonesia disajikan dalam data statistik berikut. Amerika = 3800 jt us dollar ; Jepang = 740,9 jt us dollar ; Jerman = 382 jt us dollar ; Korea = 347,2 jt us dollar ; Tiongkok = 244,6 jt us dollarInggris = 168,7 jt us dollar ; Australia = 180,3 jt us dollar ; Kanada = 178,8 jt us dollar ; Belgia = 146,5 jt us dollar ; Malaysia = 77,6 jt us dollar.  Berdasarkan paragraf 1, jika penduduk Indonesia berjumlah 250 juta jiwa, manakah di bawah ini simpulan yang benar?";Setiap penduduk dapat memproduksi garmen.;Setiap penduduk membutuhkan produk pakaian jadi.;Setiap penduduk dapat memulai usaha di sektor manufaktur.;Setiap penduduk harus bekerja di industri tekstil dan garmen.;Setiap penduduk dapat menjadi anggota Asosiasi Pertekstilan Indonesia (API).;b;;;;;;Jika penduduk Indonesia berjumlah 250 juta jiwa, berarti pangsa pasar industri garmen sangat luas. Hal ini karena setiap penduduk membutuhkan produk pakaian jadi yang notabene merupakan kebutuhan primer setiap warga negara Indonesia. Jadi, simpulan yang benar adalah setiap penduduk membutuhkan produk pakaian jadi (B).
"      (PAR1)Industri tekstil dan garmen saat ini menjadi industri strategis bagi perekonomian negara mengingat Indonesia memiliki 250 juta penduduk. Industri ini merupakan sektor manufaktur terbesar ketiga dan menjadi salah satu industri yang paling banyak menyerap tenaga kerja. Pada tahun 2017, ekspor tekstil dan produk tekstil Indonesia mencapai US$12,4 miliar yang mana melebihi target Asosiasi Pertekstilan Indonesia (API) sebesar US$11,8 miliar.      (PAR2)Pakaian jadi (konveksi) merupakan salah satu andalan ekspor nonmigas Indonesia. Nilai ekspor konveksi tekstil tersebut merupakan terbesar ketiga setelah batu bara US$20,63 miliar dan minyak sawit US$17,89 miliar. Data Badan Pusat Statistik mencatat nilai ekspor pakaian jadi nasional ke AS sepanjang 2018 mencapai US$3,78 miliar (Rp52,87 triliun) tumbuh 9,3% dari tahun sebelumnya. Negara tujuan ekspor konveksi terbesar kedua adalah Jepang dengan nilai US$740,9 juta dan ketiga adalah Jerman dengan nilai US$372,48 juta. Data10 negara tujuan utama ekspor pakaian jadi Indonesia disajikan dalam data statistik berikut. Amerika = 3800 jt us dollar ; Jepang = 740,9 jt us dollar ; Jerman = 382 jt us dollar ; Korea = 347,2 jt us dollar ; Tiongkok = 244,6 jt us dollarInggris = 168,7 jt us dollar ; Australia = 180,3 jt us dollar ; Kanada = 178,8 jt us dollar ; Belgia = 146,5 jt us dollar ; Malaysia = 77,6 jt us dollar.  Berdasarkan paragraf 2, manakah pernyataan di bawah ini yang paling mungkin benar mengenai industri konveksi?";Industri konveksi merupakan produk ekspor impor Indonesia.;Industri konveksi termasuk dalam pendapatan sektor nonmigas.;Industri konveksi memiliki nilai ekspor lebih tinggi daripada batu bara.;Industri konveksi merupakan sektor manufaktur terbesar di Indonesia.;Industri konveksi memiliki nilai ekspor lebih tinggi daripada kelapa sawit.;b;;;;;;Industri konveksi termasuk dalam pendapatan sektor nonmigas. [benar, sesuai kalimat pertama paragraf kedua]. Jadi, pernyataan yang paling mungkin benar adalah industri konveksi termasuk dalam pendapatan sektor nonmigas (B).
"      (PAR1)Industri tekstil dan garmen saat ini menjadi industri strategis bagi perekonomian negara mengingat Indonesia memiliki 250 juta penduduk. Industri ini merupakan sektor manufaktur terbesar ketiga dan menjadi salah satu industri yang paling banyak menyerap tenaga kerja. Pada tahun 2017, ekspor tekstil dan produk tekstil Indonesia mencapai US$12,4 miliar yang mana melebihi target Asosiasi Pertekstilan Indonesia (API) sebesar US$11,8 miliar.      (PAR2)Pakaian jadi (konveksi) merupakan salah satu andalan ekspor nonmigas Indonesia. Nilai ekspor konveksi tekstil tersebut merupakan terbesar ketiga setelah batu bara US$20,63 miliar dan minyak sawit US$17,89 miliar. Data Badan Pusat Statistik mencatat nilai ekspor pakaian jadi nasional ke AS sepanjang 2018 mencapai US$3,78 miliar (Rp52,87 triliun) tumbuh 9,3% dari tahun sebelumnya. Negara tujuan ekspor konveksi terbesar kedua adalah Jepang dengan nilai US$740,9 juta dan ketiga adalah Jerman dengan nilai US$372,48 juta. Data10 negara tujuan utama ekspor pakaian jadi Indonesia disajikan dalamdata statistik berikut. Amerika = 3800 jt us dollar ; Jepang = 740,9 jt us dollar ; Jerman = 382 jt us dollar ; Korea = 347,2 jt us dollar ; Tiongkok = 244,6 jt us dollarInggris = 168,7 jt us dollar ; Australia = 180,3 jt us dollar ; Kanada = 178,8 jt us dollar ; Belgia = 146,5 jt us dollar ; Malaysia = 77,6 jt us dollar.  Berdasarkan paragraf 2, manakah di bawah ini simpulan yang paling mungkin benar mengenai ekspor pakaian jadi Indonesia?";Pertumbuhan pasar ekspor pakaian jadi Indonesia naik 9,3%.;Jepang merupakan pasar utama produk pakaian jadi Indonesia.;Pasar utama produk pakaian jadi Indonesia adalah Amerika Serikat.;Amerika Serikat dan Jerman merupakan dua negara dengan nilai ekspor tertinggi.;Nilai ekspor pakaian jadi Indonesia ke Amerika Serikat lebih sedikit daripada tahun lalu.;c;;;;;;Pasar utama produk pakaian jadi Indonesia adalah Amerika Serikat. [benar, sesuai isi paragraf kedua dan grafik]. Jadi, simpulan yang paling mungkin benar mengenai ekspor pakaian jadi Indonesia adalah pasar utama produk pakaian jadi Indonesia adalah Amerika Serikat (C).
"      (PAR1)Industri tekstil dan garmen saat ini menjadi industri strategis bagi perekonomian negara mengingat Indonesia memiliki 250 juta penduduk. Industri ini merupakan sektor manufaktur terbesar ketiga dan menjadi salah satu industri yang paling banyak menyerap tenaga kerja. Pada tahun 2017, ekspor tekstil dan produk tekstil Indonesia mencapai US$12,4 miliar yang mana melebihi target Asosiasi Pertekstilan Indonesia (API) sebesar US$11,8 miliar.      (PAR2)Pakaian jadi (konveksi) merupakan salah satu andalan ekspor nonmigas Indonesia. Nilai ekspor konveksi tekstil tersebut merupakan terbesar ketiga setelah batu bara US$20,63 miliar dan minyak sawit US$17,89 miliar. Data Badan Pusat Statistik mencatat nilai ekspor pakaian jadi nasional ke AS sepanjang 2018 mencapai US$3,78 miliar (Rp52,87 triliun) tumbuh 9,3% dari tahun sebelumnya. Negara tujuan ekspor konveksi terbesar kedua adalah Jepang dengan nilai US$740,9 juta dan ketiga adalah Jerman dengan nilai US$372,48 juta. Data10 negara tujuan utama ekspor pakaian jadi Indonesia disajikan dalamdata statistik berikut. Amerika = 3800 jt us dollar ; Jepang = 740,9 jt us dollar ; Jerman = 382 jt us dollar ; Korea = 347,2 jt us dollar ; Tiongkok = 244,6 jt us dollarInggris = 168,7 jt us dollar ; Australia = 180,3 jt us dollar ; Kanada = 178,8 jt us dollar ; Belgia = 146,5 jt us dollar ; Malaysia = 77,6 jt us dollar.  Berdasarkan data statistik, negara tujuan ekspor manakah yang memberikan nilai ekspor terendah ketiga?";Belgia;Inggris;Kanada;Malaysia;Australia;c;;;;;;Negara tujuan ekspor terendah ketiga adalah Kanada dengan nilai ekspor US$178,8 juta. Jadi, negara tujuan ekspor yang memberikan nilai ekspor terendah ketiga adalah Kanada (C).
"      (PAR1)Industri tekstil dan garmen saat ini menjadi industri strategis bagi perekonomian negara mengingat Indonesia memiliki 250 juta penduduk. Industri ini merupakan sektor manufaktur terbesar ketiga dan menjadi salah satu industri yang paling banyak menyerap tenaga kerja. Pada tahun 2017, ekspor tekstil dan produk tekstil Indonesia mencapai US$12,4 miliar yang mana melebihi target Asosiasi Pertekstilan Indonesia (API) sebesar US$11,8 miliar.      (PAR2)Pakaian jadi (konveksi) merupakan salah satu andalan ekspor nonmigas Indonesia. Nilai ekspor konveksi tekstil tersebut merupakan terbesar ketiga setelah batu bara US$20,63 miliar dan minyak sawit US$17,89 miliar. Data Badan Pusat Statistik mencatat nilai ekspor pakaian jadi nasional ke AS sepanjang 2018 mencapai US$3,78 miliar (Rp52,87 triliun) tumbuh 9,3% dari tahun sebelumnya. Negara tujuan ekspor konveksi terbesar kedua adalah Jepang dengan nilai US$740,9 juta dan ketiga adalah Jerman dengan nilai US$372,48 juta. Data10 negara tujuan utama ekspor pakaian jadi Indonesia disajikan dalam data statistik berikut. Jerman = 382 jt us dollar ; Amerika = 3800 jt us dollar ; Korea Selatan = 347,2 jt us dollar ; Jepang = 740,9 jt us dollar ; Tiongkok = 244,6 jt us dollarInggris = 168,7 jt us dollar ; Australia = 180,3 jt us dollar ; Kanada = 178,8 jt us dollar ; Belgia = 146,5 jt us dollar ; Malaysia = 77,6 jt us dollar.  Berdasarkan data statisik, negara tujuan ekspor manakah yang bernilai diantara US$382 juta dan US$244,6?";Jepang;Kanada;Australia;Korea Selatan;Amerika Serikat;d;;;;;;Nilai ekspor ke Korea Selatan sebesar US$347,2 juta. Jadi, negara tujuan ekspor yang bernilai US$347,2 juta adalah Korea Selatan(D).
"      (PAR1)Industri tekstil dan garmen saat ini menjadi industri strategis bagi perekonomian negara mengingat Indonesia memiliki 250 juta penduduk. Industri ini merupakan sektor manufaktur terbesar ketiga dan menjadi salah satu industri yang paling banyak menyerap tenaga kerja. Pada tahun 2017, ekspor tekstil dan produk tekstil Indonesia mencapai US$12,4 miliar yang mana melebihi target Asosiasi Pertekstilan Indonesia (API) sebesar US$11,8 miliar.      (PAR2)Pakaian jadi (konveksi) merupakan salah satu andalan ekspor nonmigas Indonesia. Nilai ekspor konveksi tekstil tersebut merupakan terbesar ketiga setelah batu bara US$20,63 miliar dan minyak sawit US$17,89 miliar. Data Badan Pusat Statistik mencatat nilai ekspor pakaian jadi nasional ke AS sepanjang 2018 mencapai US$3,78 miliar (Rp52,87 triliun) tumbuh 9,3% dari tahun sebelumnya. Negara tujuan ekspor konveksi terbesar kedua adalah Jepang dengan nilai US$740,9 juta dan ketiga adalah Jerman dengan nilai US$372,48 juta. Data10 negara tujuan utama ekspor pakaian jadi Indonesia disajikan dalam data statistik berikut. Jerman = 382 jt us dollar ; Amerika = 3800 jt us dollar ; Korea Selatan = 347,2 jt us dollar ; Jepang = 740,9 jt us dollar ; Tiongkok = 244,6 jt us dollarInggris = 168,7 jt us dollar ; Australia = 180,3 jt us dollar ; Kanada = 178,8 jt us dollar ; Belgia = 146,5 jt us dollar ; Malaysia = 77,6 jt us dollar. Berdasarkan data statistik, negara tujuan ekspor manakah yang memberikan nilai ekspor lebih dari US$500 juta?";Belgia;Jerman;Jepang;Tiongkok;Korea Selatan;c;;;;;;Negara tujuan ekspor yang memberikan nilai ekspor lebih dari US$500 juta adalah Jepang dan Amerika Serikat. Jadi sesuai opsi jawaban yang ada, negara tujuan ekspor yang memberikan nilai ekspor lebih dari US$500 juta adalah Jepang (C).
Sebuah mobil pengangkut barang harus mengangkut 33 3/4 ton barang dari sebuah gunung ke sebuah perumahan. Apabila mobil tersebut tersebut hanya mampu mengangkut 2 1/4 ton barang pada setiap kali angkut, maka berapa kali perjalanan yang harus dilakukan tiga unit mobil untuk mengangkut seluruh barang tersebut?;4 kali;5 kali;13 kali;14 kali;15 kali;b;;;;;;"Unit mobil = 3 unit ; sekali angkut = 2,25 x 3 = 6,75 ; Jumlah perjalanan = 33,75/6,75 = 5 kali (B)"
Budi adalah seorang reseller barang. Ia membeli sebuah komputer bekas dengan harga Rp9.000.000. Kemudian ia memperbaiki sepeda tersebut dengan menghabiskan Rp140.000. Setelah itu, komputer tersebut dijual dan laku dengan harga Rp10.320.000. Persentase untung yang diperoleh Budi adalah…;12.9%;13.5%;11.4%;12.5%;11.8%;a;;;;;;"Modal = 9.000.000 + 140.000 = 9.140.000 ; Untung = 10.320.000-9.140.000 = 1.180.000 ; Persentase untung = 1.180.000/9.140.000 x 100% = 12.9% (A)"
"                        6                                                                                  24
        

    7                   ?               13                                         28               48                52


                       15                                                                                60
";12;8;11;9;14;a;;;;;;Perhatikan angka yang bersebrangan, yaitu 6 dan 24, 7 dan 28 dan seterusnya. Bilangan yang terdapat di kotak sebelah kiri dapat dikali 4 sehingga menghasilkan angka yang di kotak sebelah kanan, sehingga jawabannya adalah (A) 12
"                        8                                                                                    7


   16                4                 24                                           11               ?                15


                       10                                                                                  8
";3;5;7;4;6;b;;;;;;Perhatikan bilangan di sebelah kiri dan kanan. Bilangan di kanan merupakan hasil dari bilangan yang berada di kiri dibagi dengan 2 dan di tambahkan dengan angka 3 sehingga menghasilkan angka di sebelah kanan
Jika x/y = 1/2, nilai dari 5y/2 . 1/x adalah…;6;7;8;5;4;d;;;;;;"x/y = 1/2, maka y/x = 2 ; 5y/2 . 1/x = 5/2 . y/x, substitusikan y/x dengan 2 sehingga menjadi 5/2 . 2 = 5 (D)"
Natasha memiliki 2 jenis pohon anggur di depan rumahnya. Pohon anggur jenis M menghasilkan 20% lebih banyak buah dibanding jenis N. Jika pada suatu hari, Natasha memanen buah anggur jenis M sebanyak 144 buah, maka buah anggur jenis N yang dihasilkan adalah sebanyak ..... buah.;100;115;120;124;130;c;;;;;;"M = 20%N + N, M = 120%N ; N = 100/120 x M ; M = 144 Buah, N =100/120 x 144 = 5/6 x 144 = 120 Buah (C)"
"      (PAR1)Keberhasilan komponen sistem pendidikan dalam melaksanakan fungsinya bergantung pada sarana penunjang satuan-satuan pendidikan. Sarana penunjang sistem tersebut antara lain kurikulum, tenaga kependidikan, serta sumber daya pendidikan dan pengelolaan. Penyediaan sumber daya pendidikan meliputi gedung dan perlengkapannya, sumber belajar, seperti buku dan alat bantu mengajar, serta dana pengelolaan yang memadai.     (PAR2)Pemerintah menunjang keberhasilan sistem pendidikan tersebut dengan menetapkan UU Nomor 20 Tahun 2003. Pada pasal 49 ayat (1) dinyatakan bahwa dana pendidikan selain gaji pendidik dan biaya pendidikan kedinasan dialokasikan minimal 20% dari Anggaran Pendapatan dan Belanja Negara (APBN) pada sektor pendidikan dan minimal 20% dari Anggaran Pendapatan dan Belanja Daerah (APBD). Alokasi dana untuk anggaran pendidikan tahun 2019 sebesar Rp492,5 triliun atau 20% dari belanja negara yang mencapai Rp2.461,1 triliun. Adapun target yang dicapai tahun ini adalah penerima Program Indonesia Pintar sebanyak 20,1 juta siswa, Bantuan Operasional Sekolah (BOS) 57 juta siswa, dan beasiswa Bidik Misi 472 ribu mahasiswa. Selain itu, untuk pembangunan 56 ribu ruang kelas melalui Kementerian Pendidikan, Kementerian Agama, Kementerian PUPR, maupun melalui Dana Alokasi Khusus. Data anggaran pendidikan Indonesia tahun 2011 – 2019 sesuai data statistik berikut. Tahun 2011 = 256,5 triliun ; Tahun 2013 = 337,8 triliun ; Tahun 2015 = 417,6 triliun ; Tahun 2017 = 445,9 triliun ; Tahun 2019 = 492,5 triliun ; Tahun 2012 = 300,1 triliun ; Tahun 2014 = 413 triliun ; Tahun 2016 = 425 triliun ; Tahun 2018 = 449,1 triliun Berdasarkan paragraf 1, manakah di bawah ini pernyataan yang benar?";Kurikulum termasuk sumber daya pendidikan.;Buku-buku pelajaran merupakan kurikulum pendidikan.;Alat bantu mengajar termasuk sumber daya pendidikan.;Tenaga kependidikan termasuk sumber daya pendidikan.;Dana pengelolaan yang memadai termasuk satuan pendidikan.;c;;;;;;Alat bantu mengajar adalah bagian dari sumber belajar. Sedangkan sumber belajar bagian dari sumber daya pendidikan. Jadi, pernyataan yang benar adalah alat bantu mengajar termasuk sumber daya pendidikan (C).
"      (PAR1)Keberhasilan komponen sistem pendidikan dalam melaksanakan fungsinya bergantung pada sarana penunjang satuan-satuan pendidikan. Sarana penunjang sistem tersebut antara lain kurikulum, tenaga kependidikan, serta sumber daya pendidikan dan pengelolaan. Penyediaan sumber daya pendidikan meliputi gedung dan perlengkapannya, sumber belajar, seperti buku dan alat bantu mengajar, serta dana pengelolaan yang memadai.     (PAR2)Pemerintah menunjang keberhasilan sistem pendidikan tersebut dengan menetapkan UU Nomor 20 Tahun 2003. Pada pasal 49 ayat (1) dinyatakan bahwa dana pendidikan selain gaji pendidik dan biaya pendidikan kedinasan dialokasikan minimal 20% dari Anggaran Pendapatan dan Belanja Negara (APBN) pada sektor pendidikan dan minimal 20% dari Anggaran Pendapatan dan Belanja Daerah (APBD). Alokasi dana untuk anggaran pendidikan tahun 2019 sebesar Rp492,5 triliun atau 20% dari belanja negara yang mencapai Rp2.461,1 triliun. Adapun target yang dicapai tahun ini adalah penerima Program Indonesia Pintar sebanyak 20,1 juta siswa, Bantuan Operasional Sekolah (BOS) 57 juta siswa, dan beasiswa Bidik Misi 472 ribu mahasiswa. Selain itu, untuk pembangunan 56 ribu ruang kelas melalui Kementerian Pendidikan, Kementerian Agama, Kementerian PUPR, maupun melalui Dana Alokasi Khusus. Data anggaran pendidikan Indonesia tahun 2011 – 2019 sesuai data statistik berikut. Tahun 2011 = 256,5 triliun ; Tahun 2013 = 337,8 triliun ; Tahun 2015 = 417,6 triliun ; Tahun 2017 = 445,9 triliun ; Tahun 2019 = 492,5 triliun ; Tahun 2012 = 300,1 triliun ; Tahun 2014 = 413 triliun ; Tahun 2016 = 425 triliun ; Tahun 2018 = 449,1 triliun Berdasarkan paragraf 1, jika dana pengelolaan tidak memadai, manakah di bawah ini simpulan yang benar?";Komponen-komponen sistem pendidikan tidak dapat berfungsi.;Sistem pendidikan tidak memiliki satuan-satuan pendidikan.;Sumber daya pendidikan tidak memiliki kelengkapan.;Tenaga kependidikan tetap dapat berfungsi.;Sistem pendidikan tidak memiliki kurikulum.;a;;;;;;Perhatikan kalimat pertama paragraf pertama! “Keberhasilan komponen sistem pendidikan dalam melaksanakan fungsinya bergantung pada sarana penunjang satuan-satuan pendidikan”. Dana pengelolaan yang memadai adalah bagian dari salah satu sarana penunjang satuan pendidikan. Padahal komponen sistem pendidikan bergantung pada sarana tersebut. Jadi, jika dana pengelolaan tidak memadai maka komponen-komponen sistem pendidikan tidak dapat berfungsi (A).
"      (PAR1)Keberhasilan komponen sistem pendidikan dalam melaksanakan fungsinya bergantung pada sarana penunjang satuan-satuan pendidikan. Sarana penunjang sistem tersebut antara lain kurikulum, tenaga kependidikan, serta sumber daya pendidikan dan pengelolaan. Penyediaan sumber daya pendidikan meliputi gedung dan perlengkapannya, sumber belajar, seperti buku dan alat bantu mengajar, serta dana pengelolaan yang memadai.     (PAR2)Pemerintah menunjang keberhasilan sistem pendidikan tersebut dengan menetapkan UU Nomor 20 Tahun 2003. Pada pasal 49 ayat (1) dinyatakan bahwa dana pendidikan selain gaji pendidik dan biaya pendidikan kedinasan dialokasikan minimal 20% dari Anggaran Pendapatan dan Belanja Negara (APBN) pada sektor pendidikan dan minimal 20% dari Anggaran Pendapatan dan Belanja Daerah (APBD). Alokasi dana untuk anggaran pendidikan tahun 2019 sebesar Rp492,5 triliun atau 20% dari belanja negara yang mencapai Rp2.461,1 triliun. Adapun target yang dicapai tahun ini adalah penerima Program Indonesia Pintar sebanyak 20,1 juta siswa, Bantuan Operasional Sekolah (BOS) 57 juta siswa, dan beasiswa Bidik Misi 472 ribu mahasiswa. Selain itu, untuk pembangunan 56 ribu ruang kelas melalui Kementerian Pendidikan, Kementerian Agama, Kementerian PUPR, maupun melalui Dana Alokasi Khusus. Data anggaran pendidikan Indonesia tahun 2011 – 2019 sesuai data statistik berikut. Tahun 2011 = 256,5 triliun ; Tahun 2013 = 337,8 triliun ; Tahun 2015 = 417,6 triliun ; Tahun 2017 = 445,9 triliun ; Tahun 2019 = 492,5 triliun ; Tahun 2012 = 300,1 triliun ; Tahun 2014 = 413 triliun ; Tahun 2016 = 425 triliun ; Tahun 2018 = 449,1 triliun Berdasarkan paragraf 2, jika tahun 2019 anggaran pendidikan mencapai Rp492,5 triliun, manakah di bawah ini simpulan yang paling mungkin benar?";Pemerintah melaksanakan isi konstitusi negara.;Pemerintah tidak memperbaiki ruang kelas yang rusak.;Pemerintah membayar gaji pendidik dengan dana APBD.;Pemerintah menaikkan anggaran pendidikan sebesar 20%.;Pemerintah menerapkan UU terbaru untuk menunjang sistem pendidikan.;a;;;;;;Perhatikan petikan kalimat ketiga paragraf 2 berikut ini! “Alokasi dana untuk anggaran pendidikan tahun 2019 sebesar Rp492,5 triliun atau 20% dari belanja negara yang mencapai Rp2.461,1 triliun”. Kalimat tersebut mengindikasikan bahwa pemerintah telah melaksanakan amanat UU Nomor 20 Tahun 2003 pasal 49 ayat (1). Jadi, simpulan yang paling mungkin adalah pemerintah melaksanakan isi konstitusi negara (A).
"      (PAR1)Keberhasilan komponen sistem pendidikan dalam melaksanakan fungsinya bergantung pada sarana penunjang satuan-satuan pendidikan. Sarana penunjang sistem tersebut antara lain kurikulum, tenaga kependidikan, serta sumber daya pendidikan dan pengelolaan. Penyediaan sumber daya pendidikan meliputi gedung dan perlengkapannya, sumber belajar, seperti buku dan alat bantu mengajar, serta dana pengelolaan yang memadai.     (PAR2)Pemerintah menunjang keberhasilan sistem pendidikan tersebut dengan menetapkan UU Nomor 20 Tahun 2003. Pada pasal 49 ayat (1) dinyatakan bahwa dana pendidikan selain gaji pendidik dan biaya pendidikan kedinasan dialokasikan minimal 20% dari Anggaran Pendapatan dan Belanja Negara (APBN) pada sektor pendidikan dan minimal 20% dari Anggaran Pendapatan dan Belanja Daerah (APBD). Alokasi dana untuk anggaran pendidikan tahun 2019 sebesar Rp492,5 triliun atau 20% dari belanja negara yang mencapai Rp2.461,1 triliun. Adapun target yang dicapai tahun ini adalah penerima Program Indonesia Pintar sebanyak 20,1 juta siswa, Bantuan Operasional Sekolah (BOS) 57 juta siswa, dan beasiswa Bidik Misi 472 ribu mahasiswa. Selain itu, untuk pembangunan 56 ribu ruang kelas melalui Kementerian Pendidikan, Kementerian Agama, Kementerian PUPR, maupun melalui Dana Alokasi Khusus. Data anggaran pendidikan Indonesia tahun 2011 – 2019 sesuai data statistik berikut. Tahun 2011 = 256,5 triliun ; Tahun 2013 = 337,8 triliun ; Tahun 2015 = 417,6 triliun ; Tahun 2017 = 445,9 triliun ; Tahun 2019 = 492,5 triliun ; Tahun 2012 = 300,1 triliun ; Tahun 2014 = 413 triliun ; Tahun 2016 = 425 triliun ; Tahun 2018 = 449,1 triliun Berdasarkan paragraf 2, manakah pernyataan di bawah ini yang paling mungkin benar mengenai anggaran pendidikan tahun 2019?";Anggaran pendidikan akan disimpan sebagai dana alokasi khusus.;Anggaran pendidikan akan diberikan kepada 20,1 juta siswa melalui dana BOS.;Anggaran pendidikan sebesar 57 persen akan dihibahkan ke Kementerian Agama.;Anggaran pendidikan akan digunakan untuk memperbaiki 56 ribu gedung sekolah.;Anggaran pendidikan akan diberikan kepada 472 ribu mahasiswa sebagai beasiswa.;e;;;;;;Anggaran pendidikan untuk beasiswa Bidik Misi diberikan kepada 472 ribu mahasiswa. [opsi E benar]. Jadi, pernyataan yang paling mungkin adalah anggaran pendidikan akan diberikan kepada 472 ribu mahasiswa sebagai beasiswa (E).
"      (PAR1)Keberhasilan komponen sistem pendidikan dalam melaksanakan fungsinya bergantung pada sarana penunjang satuan-satuan pendidikan. Sarana penunjang sistem tersebut antara lain kurikulum, tenaga kependidikan, serta sumber daya pendidikan dan pengelolaan. Penyediaan sumber daya pendidikan meliputi gedung dan perlengkapannya, sumber belajar, seperti buku dan alat bantu mengajar, serta dana pengelolaan yang memadai.     (PAR2)Pemerintah menunjang keberhasilan sistem pendidikan tersebut dengan menetapkan UU Nomor 20 Tahun 2003. Pada pasal 49 ayat (1) dinyatakan bahwa dana pendidikan selain gaji pendidik dan biaya pendidikan kedinasan dialokasikan minimal 20% dari Anggaran Pendapatan dan Belanja Negara (APBN) pada sektor pendidikan dan minimal 20% dari Anggaran Pendapatan dan Belanja Daerah (APBD). Alokasi dana untuk anggaran pendidikan tahun 2019 sebesar Rp492,5 triliun atau 20% dari belanja negara yang mencapai Rp2.461,1 triliun. Adapun target yang dicapai tahun ini adalah penerima Program Indonesia Pintar sebanyak 20,1 juta siswa, Bantuan Operasional Sekolah (BOS) 57 juta siswa, dan beasiswa Bidik Misi 472 ribu mahasiswa. Selain itu, untuk pembangunan 56 ribu ruang kelas melalui Kementerian Pendidikan, Kementerian Agama, Kementerian PUPR, maupun melalui Dana Alokasi Khusus. Data anggaran pendidikan Indonesia tahun 2011 – 2019 sesuai data statistik berikut. Tahun 2011 = 256,5 triliun ; Tahun 2013 = 337,8 triliun ; Tahun 2015 = 417,6 triliun ; Tahun 2017 = 445,9 triliun ; Tahun 2019 = 492,5 triliun ; Tahun 2012 = 300,1 triliun ; Tahun 2014 = 413 triliun ; Tahun 2016 = 425 triliun ; Tahun 2018 = 449,1 triliun. Berdasarkan data statistik, pada tahun berapa anggaran pendidikan melebihi Rp450 triliun?";2015;2016;2017;2018;2019;e;;;;;;Anggaran pendidikan tahun 2019 melebihi Rp450 triliun, tepatnya Rp492,5 triliun (sesuai isi bacaan). Jadi, anggaran pendidikan melebihi Rp450 triliun terjadi pada tahun 2019 (E).
"      (PAR1)Keberhasilan komponen sistem pendidikan dalam melaksanakan fungsinya bergantung pada sarana penunjang satuan-satuan pendidikan. Sarana penunjang sistem tersebut antara lain kurikulum, tenaga kependidikan, serta sumber daya pendidikan dan pengelolaan. Penyediaan sumber daya pendidikan meliputi gedung dan perlengkapannya, sumber belajar, seperti buku dan alat bantu mengajar, serta dana pengelolaan yang memadai.     (PAR2)Pemerintah menunjang keberhasilan sistem pendidikan tersebut dengan menetapkan UU Nomor 20 Tahun 2003. Pada pasal 49 ayat (1) dinyatakan bahwa dana pendidikan selain gaji pendidik dan biaya pendidikan kedinasan dialokasikan minimal 20% dari Anggaran Pendapatan dan Belanja Negara (APBN) pada sektor pendidikan dan minimal 20% dari Anggaran Pendapatan dan Belanja Daerah (APBD). Alokasi dana untuk anggaran pendidikan tahun 2019 sebesar Rp492,5 triliun atau 20% dari belanja negara yang mencapai Rp2.461,1 triliun. Adapun target yang dicapai tahun ini adalah penerima Program Indonesia Pintar sebanyak 20,1 juta siswa, Bantuan Operasional Sekolah (BOS) 57 juta siswa, dan beasiswa Bidik Misi 472 ribu mahasiswa. Selain itu, untuk pembangunan 56 ribu ruang kelas melalui Kementerian Pendidikan, Kementerian Agama, Kementerian PUPR, maupun melalui Dana Alokasi Khusus. Data anggaran pendidikan Indonesia tahun 2011 – 2019 sesuai data statistik berikut. Tahun 2011 = 256,5 triliun ; Tahun 2013 = 337,8 triliun ; Tahun 2015 = 417,6 triliun ; Tahun 2017 = 445,9 triliun ; Tahun 2019 = 492,5 triliun ; Tahun 2012 = 300,1 triliun ; Tahun 2014 = 413 triliun ; Tahun 2016 = 425 triliun ; Tahun 2018 = 449,1 triliun. Berdasarkan data statistik, pada tahun berapa anggaran pendidikan menunjukkan angka terendah?";2011;2012;2013;2014;2015;a;;;;;;Anggaran terendah terjadi pada tahun 2011, yaitu sekitar Rp250 triliun. Jadi, anggaran pendidikan menunjukkan angka terendah terjadi pada tahun 2011 (A).
"      (PAR1)Keberhasilan komponen sistem pendidikan dalam melaksanakan fungsinya bergantung pada sarana penunjang satuan-satuan pendidikan. Sarana penunjang sistem tersebut antara lain kurikulum, tenaga kependidikan, serta sumber daya pendidikan dan pengelolaan. Penyediaan sumber daya pendidikan meliputi gedung dan perlengkapannya, sumber belajar, seperti buku dan alat bantu mengajar, serta dana pengelolaan yang memadai.     (PAR2)Pemerintah menunjang keberhasilan sistem pendidikan tersebut dengan menetapkan UU Nomor 20 Tahun 2003. Pada pasal 49 ayat (1) dinyatakan bahwa dana pendidikan selain gaji pendidik dan biaya pendidikan kedinasan dialokasikan minimal 20% dari Anggaran Pendapatan dan Belanja Negara (APBN) pada sektor pendidikan dan minimal 20% dari Anggaran Pendapatan dan Belanja Daerah (APBD). Alokasi dana untuk anggaran pendidikan tahun 2019 sebesar Rp492,5 triliun atau 20% dari belanja negara yang mencapai Rp2.461,1 triliun. Adapun target yang dicapai tahun ini adalah penerima Program Indonesia Pintar sebanyak 20,1 juta siswa, Bantuan Operasional Sekolah (BOS) 57 juta siswa, dan beasiswa Bidik Misi 472 ribu mahasiswa. Selain itu, untuk pembangunan 56 ribu ruang kelas melalui Kementerian Pendidikan, Kementerian Agama, Kementerian PUPR, maupun melalui Dana Alokasi Khusus. Data anggaran pendidikan Indonesia tahun 2011 – 2019 sesuai data statistik berikut. Tahun 2011 = 256,5 triliun ; Tahun 2013 = 337,8 triliun ; Tahun 2015 = 417,6 triliun ; Tahun 2017 = 445,9 triliun ; Tahun 2019 = 492,5 triliun ; Tahun 2012 = 300,1 triliun ; Tahun 2014 = 413 triliun ; Tahun 2016 = 425 triliun ; Tahun 2018 = 449,1 triliun. Berdasarkan data statistik, manakah di bawah ini simpulan yang paling mungkin benar?";Anggaran pendidikan Indonesia tidak meningkat setiap tahun.;Anggaran pendidikan Indonesia mengalami penurunan sejak tahun 2016.;Anggaran pendidikan Indonesia berada pada rentang Rp300 – Rp500 triliun.;Anggaran pendidikan Indonesia selalu mengalami peningkatan setiap tahun.;Anggaran pendidikan Indonesia tahun 2016 –2017 tidak mengalami peningkatan.;d;;;;;;Anggaran pendidikan Indonesia selalu naik dari tahun ke tahun. Jadi, simpulan yang paling mungkin adalah Anggaran pendidikan Indonesia selalu mengalami peningkatan setiap tahun (D).
(1)Senyawa antimikroba merupakan senyawa yang dapat membunuh atau menghambat pertumbuhan bakteri. (2)Efek tersebut dapat berlaku bakterisidal [...] bakteriostatik. (3)Bahan yang menghambat pertumbuhan bakteri disebut bakteriostatik, [...] yang dapat membunuh bakteri disebut bakterisidal. (4)Bakteri dalam kondisi bakteriostatik [...] dengan jumlah pertumbuhan sel yang lebih rendah daripada jumlah sel normal. (5)Bakteri dalam kondisi bakterisidal terlihat dengan jumlah pertumbuhan yang menurun drastis pada [...] stasioner. Judul yang paling tepat untuk melengkapi tulisan di atas adalah ….;Efek Senyawa Antimikroba;Kebutuhan Senyawa Antimikroba;Jenis-jenis Senyawa Antimikroba;Kandungan Senyawa Antimikroba;Keunggulan Senyawa Antimikroba;a;;;;;;Jenis paragraf di atas adalah deduktif, kalimat utamanya di awal paragraf. Perhatikan kalimat pertama paragraf tersebut. “Senyawa antimikroba merupakan senyawa yang dapat membunuh atau menghambat pertumbuhan bakteri”. Kemudian diperjelas kalimat kedua, “Efek tersebut … “. Maksudnya efek dari senyawa antimikroba. Jadi, judul yang paling tepat untuk tulisan di atas adalah Efek Senyawa Antimikroba (A).
(1)Senyawa antimikroba merupakan senyawa yang dapat membunuh atau menghambat pertumbuhan bakteri. (2)Efek tersebut dapat berlaku bakterisidal [...] bakteriostatik. (3)Bahan yang menghambat pertumbuhan bakteri disebut bakteriostatik, [...] yang dapat membunuh bakteri disebut bakterisidal. (4)Bakteri dalam kondisi bakteriostatik [...] dengan jumlah pertumbuhan sel yang lebih rendah daripada jumlah sel normal. (5)Bakteri dalam kondisi bakterisidal terlihat dengan jumlah pertumbuhan yang menurun drastis pada [...] stasioner. Kata hubung yang tepat untuk melengkapi titik-titik pada kalimat 2 adalah ….;dan;atau;maupun;walaupun;meskipun;b;;;;;;Mengacu pada kalimat pertama, “…membunuh atau menghambat …”, yang mana bakterisidal bersifat membunuh sedangkan bakteriostatik bersifat menghambat. Sehingga kata hubung yang tepat untuk kedua kata tersebut adalah atau. Jadi, kata hubung yang pada kalimat 2 adalah atau (B).
(1)Senyawa antimikroba merupakan senyawa yang dapat membunuh atau menghambat pertumbuhan bakteri. (2)Efek tersebut dapat berlaku bakterisidal [...] bakteriostatik. (3)Bahan yang menghambat pertumbuhan bakteri disebut bakteriostatik, [...] yang dapat membunuh bakteri disebut bakterisidal. (4)Bakteri dalam kondisi bakteriostatik [...] dengan jumlah pertumbuhan sel yang lebih rendah daripada jumlah sel normal. (5)Bakteri dalam kondisi bakterisidal terlihat dengan jumlah pertumbuhan yang menurun drastis pada [...] stasioner. Kata hubung yang tepat untuk melengkapi titik-titik pada kalimat 3 adalah ….;tetapi;namun;meskipun;sedangkan;bagaimanapun;b;;;;;;Kalimat 3 berasal dua kalimat yang digabungkan. Dua kalimat asal tersebut kedudukannya setara. Menggabungkan dua kalimat setara menjadi satu kalimat, menggunakan kata hubung sedangkan. Jadi, kata hubung yang tepat pada kalimat 3 adalah sedangkan (D).
(1)Senyawa antimikroba merupakan senyawa yang dapat membunuh atau menghambat pertumbuhan bakteri. (2)Efek tersebut dapat berlaku bakterisidal [...] bakteriostatik. (3)Bahan yang menghambat pertumbuhan bakteri disebut bakteriostatik, [...] yang dapat membunuh bakteri disebut bakterisidal. (4)Bakteri dalam kondisi bakteriostatik [...] dengan jumlah pertumbuhan sel yang lebih rendah daripada jumlah sel normal. (5)Bakteri dalam kondisi bakterisidal terlihat dengan jumlah pertumbuhan yang menurun drastis pada [...] stasioner. Kata berimbuhan yang tepat untuk melengkapi titik-titik pada kalimat 4 adalah ….;Dicirikan;Ditemukan;Ditentukan;Dilanjutkan;Dimunculkan;b;;;;;;Kalimat 4 ini mempunyai susunan yang sama dengan kalimat 5. Pada kalimat 5 digunakan kata terlihat. Kata yang hampir sama dengan terlihat adalah ditemukan. jadi, kata berimbuhan yang tepat pada kalimat 4 adalah ditemukan (B).
(1)Senyawa antimikroba merupakan senyawa yang dapat membunuh atau menghambat pertumbuhan bakteri. (2)Efek tersebut dapat berlaku bakterisidal [...] bakteriostatik. (3)Bahan yang menghambat pertumbuhan bakteri disebut bakteriostatik, [...] yang dapat membunuh bakteri disebut bakterisidal. (4)Bakteri dalam kondisi bakteriostatik [...] dengan jumlah pertumbuhan sel yang lebih rendah daripada jumlah sel normal. (5)Bakteri dalam kondisi bakterisidal terlihat dengan jumlah pertumbuhan yang menurun drastis pada [...] stasioner. Kata yang paling tepat untuk melengkapi titik-titik pada kalimat 5 adalah ….;Fase;Fasa;Massa;Tahapan;Kesempatan;a;;;;;;Kata yang paling tepat untuk melengkapi titik-titik pada kalimat 5 adalah fase. Sedangkan fasa adalah kata yang tidak baku. Jadi, kata yang paling tepat pada kalimat 5 adalah fase (A).
(1)Senyawa antimikroba merupakan senyawa yang dapat membunuh atau menghambat pertumbuhan bakteri. (2)Efek tersebut dapat berlaku bakterisidal [...] bakteriostatik. (3)Bahan yang menghambat pertumbuhan bakteri disebut bakteriostatik, [...] yang dapat membunuh bakteri disebut bakterisidal. (4)Bakteri dalam kondisi bakteriostatik [...] dengan jumlah pertumbuhan sel yang lebih rendah daripada jumlah sel normal. (5)Bakteri dalam kondisi bakterisidal terlihat dengan jumlah pertumbuhan yang menurun drastis pada [...] stasioner. Kata berimbuhan yang salah digunakan pada paragraf tersebut adalah ….;Disebut;Berlaku;Menurun;Pertumbuhan;Menghambat;b;;;;;;Kata berimbuhan yang salah terdapat pada kalimat kedua, “Efek tersebut dapat berlaku bakterisidal …”. Seharusnya kata berlaku pada kalimat tersebut diganti dengan kata terjadi pada. Jadi, kata berimbuhan yang salah pada paragraf tersebut adalah berlaku (B).
(1)Pendidikan kita saat ini setidaknya dihadapkan […] tiga masalah besar. (2)Masalah tersebut terkait dengan mutu, motivasi, dan pemerataan pendidikan. (3)Secara umum, saat ini pendidikan kita lebih menjalankan akumulasi pengetahuan yang bersifat […] daripada penguasaan keterampilan dan pembentukan kepribadian. (4)Pola motivasi sebagian besar peserta didik lebih kepada penampilan daripada pencapaian. (5)Bentuk motivasi ini lebih mengutamakan ijazah atau gelar daripada […] yang benar-benar dikuasai atau mampu dikerjakan. (6)Pendidikan kita belum berhasil meningkatkan kualitas hasil belajar sebagian besar peserta didik yang umumnya [...] sedang atau kurang. (7)Pendidikan kita mungkin baru berhasil meningkatkan kemampuan peserta didik yang merupakan bibit unggul. Judul yang paling tepat untuk melengkapi tulisan di atas adalah ….;Keadaan Nyata Pendidikan Indonesia;Masalah Utama Pendidikan Indonesia;Masalah-masalah Pendidikan Indonesia;Pelaksanaan Program Pendidikan Indonesia;Kekurangan-kekurangan Program Pendidikan Indonesia;b;;;;;;Jenis paragraf di atas adalah deduktif. Kalimat utamanya terletak di awal paragraf. Inti dari kalimat pertama adalah tiga masalah besar pendidikan Indonesia. Tiga masalah besar bisa diartikan masalah utama (opsi B). Sedangkan opsi C terlalu luas karena yang dibahas hanya tiga masalah. Jadi, judul yang paling tepat pada tulisan di atas adalah Masalah Utama Pendidikan Indonesia (B).
(1)Pendidikan kita saat ini setidaknya dihadapkan […] tiga masalah besar. (2)Masalah tersebut terkait dengan mutu, motivasi, dan pemerataan pendidikan. (3)Secara umum, saat ini pendidikan kita lebih menjalankan akumulasi pengetahuan yang bersifat […] daripada penguasaan keterampilan dan pembentukan kepribadian. (4)Pola motivasi sebagian besar peserta didik lebih kepada penampilan daripada pencapaian. (5)Bentuk motivasi ini lebih mengutamakan ijazah atau gelar daripada […] yang benar-benar dikuasai atau mampu dikerjakan. (6)Pendidikan kita belum berhasil meningkatkan kualitas hasil belajar sebagian besar peserta didik yang umumnya [...] sedang atau kurang. (7)Pendidikan kita mungkin baru berhasil meningkatkan kemampuan peserta didik yang merupakan bibit unggul. Kata depan yang tepat untuk melengkapi kalimat 1 adalah ….;Dari;Bagi;Pada;Untuk;Kepada;c;;;;;;Kata depan kepada berhubungan dengan orang, sedangkan kata depan pada berhubungan kata benda selain orang. Jadi, kata depan yang tepat pada kalimat 1 adalah pada (C).
(1)Pendidikan kita saat ini setidaknya dihadapkan […] tiga masalah besar. (2)Masalah tersebut terkait dengan mutu, motivasi, dan pemerataan pendidikan. (3)Secara umum, saat ini pendidikan kita lebih menjalankan akumulasi pengetahuan yang bersifat […] daripada penguasaan keterampilan dan pembentukan kepribadian. (4)Pola motivasi sebagian besar peserta didik lebih kepada penampilan daripada pencapaian. (5)Bentuk motivasi ini lebih mengutamakan ijazah atau gelar daripada […] yang benar-benar dikuasai atau mampu dikerjakan. (6)Pendidikan kita belum berhasil meningkatkan kualitas hasil belajar sebagian besar peserta didik yang umumnya [...] sedang atau kurang. (7)Pendidikan kita mungkin baru berhasil meningkatkan kemampuan peserta didik yang merupakan bibit unggul. Kata yang paling tepat untuk melengkapi titik-titik pada kalimat 3 adalah ….;Kaku;Luwes;Verbal;Kognitif;Psikomotor;d;;;;;;Titik-titik pada kalimat 3 berisi kata yang berlawanan dengan frase penguasaan keterampilan dan pembentukan kepribadian karena dihubungkan dengan kata daripada. Lawan dari frase penguasaan keterampilan dan pembentukan kepribadian adalah pengetahuan kognitif. Jadi, kata yang paling tepat pada kalimat 3 adalah kognitif (D).
(1)Pendidikan kita saat ini setidaknya dihadapkan […] tiga masalah besar. (2)Masalah tersebut terkait dengan mutu, motivasi, dan pemerataan pendidikan. (3)Secara umum, saat ini pendidikan kita lebih menjalankan akumulasi pengetahuan yang bersifat […] daripada penguasaan keterampilan dan pembentukan kepribadian. (4)Pola motivasi sebagian besar peserta didik lebih kepada penampilan daripada pencapaian. (5)Bentuk motivasi ini lebih mengutamakan ijazah atau gelar daripada […] yang benar-benar dikuasai atau mampu dikerjakan. (6)Pendidikan kita belum berhasil meningkatkan kualitas hasil belajar sebagian besar peserta didik yang umumnya [...] sedang atau kurang. (7)Pendidikan kita mungkin baru berhasil meningkatkan kemampuan peserta didik yang merupakan bibit unggul. Kata yang paling tepat untuk melengkapi titik-titik pada kalimat 5 adalah ….;Ujian;Pelajaran;Substansi;Kreativitas;Keterampilan;e;;;;;;Titik-titik pada kalimat tersebut diisi dengan kata yang berlawanan dengan kata atau frase sebelumnya. “Mengutamakan ijazah atau gelar bertentangan dengan keterampilan yang dikuasai”. Jadi, kata yang paling tepat pada kalimat 5 adalah keterampilan (E).
(1)Pendidikan kita saat ini setidaknya dihadapkan […] tiga masalah besar. (2)Masalah tersebut terkait dengan mutu, motivasi, dan pemerataan pendidikan. (3)Secara umum, saat ini pendidikan kita lebih menjalankan akumulasi pengetahuan yang bersifat […] daripada penguasaan keterampilan dan pembentukan kepribadian. (4)Pola motivasi sebagian besar peserta didik lebih kepada penampilan daripada pencapaian. (5)Bentuk motivasi ini lebih mengutamakan ijazah atau gelar daripada […] yang benar-benar dikuasai atau mampu dikerjakan. (6)Pendidikan kita belum berhasil meningkatkan kualitas hasil belajar sebagian besar peserta didik yang umumnya [...] sedang atau kurang. (7)Pendidikan kita mungkin baru berhasil meningkatkan kemampuan peserta didik yang merupakan bibit unggul. Kata yang paling tepat untuk melengkapi titik-titik pada kalimat 6 adalah ….;Berkemauan;Berkeuangan;Berkekurangan;Berkemampuan;Berketerampilan;d;;;;;;Maksud kalimat 6 adalah kualitas hasil belajar belum berhasil ditingkatkan karena banyak peserta didik yang mempunyai kemampuan sedang atau rendah. “Mempunyai kemampuan bisa diganti dengan kata berkemampuan. Jadi, kata yang paling tepat pada kalimat 6 adalah berkemampuan (D).
(1)Pendidikan kita saat ini setidaknya dihadapkan […] tiga masalah besar. (2)Masalah tersebut terkait dengan mutu, motivasi, dan pemerataan pendidikan. (3)Secara umum, saat ini pendidikan kita lebih menjalankan akumulasi pengetahuan yang bersifat […] daripada penguasaan keterampilan dan pembentukan kepribadian. (4)Pola motivasi sebagian besar peserta didik lebih kepada penampilan daripada pencapaian. (5)Bentuk motivasi ini lebih mengutamakan ijazah atau gelar daripada […] yang benar-benar dikuasai atau mampu dikerjakan. (6)Pendidikan kita belum berhasil meningkatkan kualitas hasil belajar sebagian besar peserta didik yang umumnya [...] sedang atau kurang. (7)Pendidikan kita mungkin baru berhasil meningkatkan kemampuan peserta didik yang merupakan bibit unggul. Kata berimbuhan yang salah digunakan pada paragraf tersebut adalah ….;Pemerataan;Kepribadian;Menjalankan;Meningkatkan;Mengutamakan;c;;;;;;Kata menjalankan pada kalimat 3 kurang tepat, seharusnya diganti mengutamakan. Jadi, kata berimbuhan yang salah digunakan pada paragraf tersebut adalah menjalankan (C).
Tulisan berikut diikuti oleh delapan butir pertanyaan. Pertimbangkan apakah kata atau kalimat pada setiap nomor bercetak tebal TIDAK PERLU DIPERBAIKI (A) atau diganti dengan pilihan lain yang tersedia (B, C, D, atau E).                                                                                          Jahe (Zingiber officinale var Roscoe) termasuk salah satu (1)komoditas rempah yang sangat penting di Indonesia. Berdasarkan data (2)statika, produksi jahe (3)nasional tahun 2009 mencapai lebih dari 154 ton dan diperkirakan akan terus meningkat. Menurut data BPS tahun 2010, luas penanaman rimpang jahe yang tersebar di seluruh wilayah (4)nusantara mencapai lebih dari 60 juta m2. Daerah utama penghasil jahe (5)yaitu Jawa Tengah dan Jawa Timur. Saat ini, Indonesia menempati peringkat ketiga setelah India dan China dalam (6)kontribusi produksi jahe dunia. Rempah-rempah Indonesia telah dikenal hingga (7)manca negara sehingga memiliki peluang pasar yang baik. Oleh karena itu, Indonesia diharapkan dapat (8)menjadi pasar rempah dunia.Soal No.1;Tidak perlu diperbaiki;Niaga;Pasokan;Cadangan;Akomodasi;a;;;;;;Kata “komoditas” tidak perlu diperbaiki karena sudah tepat. Jadi, jawabannya adalah opsi (A).
Tulisan berikut diikuti oleh delapan butir pertanyaan. Pertimbangkan apakah kata atau kalimat pada setiap nomor bercetak tebal TIDAK PERLU DIPERBAIKI (A) atau diganti dengan pilihan lain yang tersedia (B, C, D, atau E).                                                                                          Jahe (Zingiber officinale var Roscoe) termasuk salah satu (1)komoditas rempah yang sangat penting di Indonesia. Berdasarkan data (2)statika, produksi jahe (3)nasional tahun 2009 mencapai lebih dari 154 ton dan diperkirakan akan terus meningkat. Menurut data BPS tahun 2010, luas penanaman rimpang jahe yang tersebar di seluruh wilayah (4)nusantara mencapai lebih dari 60 juta m2. Daerah utama penghasil jahe (5)yaitu Jawa Tengah dan Jawa Timur. Saat ini, Indonesia menempati peringkat ketiga setelah India dan China dalam (6)kontribusi produksi jahe dunia. Rempah-rempah Indonesia telah dikenal hingga (7)manca negara sehingga memiliki peluang pasar yang baik. Oleh karena itu, Indonesia diharapkan dapat (8)menjadi pasar rempah dunia.Soal No.2;Tidak perlu diperbaiki;Statis;Statik;Statistik;Statistika;e;;;;;;Statika adalah cabang ilmu mekanika sehingga kurang tepat digunakan pada kalimat tersebut. Yang berhubungan dengan data adalah statistika. Jadi, statika seharusnya diganti dengan statistika (E).
Tulisan berikut diikuti oleh delapan butir pertanyaan. Pertimbangkan apakah kata atau kalimat pada setiap nomor bercetak tebal TIDAK PERLU DIPERBAIKI (A) atau diganti dengan pilihan lain yang tersedia (B, C, D, atau E).                                                                                          Jahe (Zingiber officinale var Roscoe) termasuk salah satu (1)komoditas rempah yang sangat penting di Indonesia. Berdasarkan data (2)statika, produksi jahe (3)nasional tahun 2009 mencapai lebih dari 154 ton dan diperkirakan akan terus meningkat. Menurut data BPS tahun 2010, luas penanaman rimpang jahe yang tersebar di seluruh wilayah (4)nusantara mencapai lebih dari 60 juta m2. Daerah utama penghasil jahe (5)yaitu Jawa Tengah dan Jawa Timur. Saat ini, Indonesia menempati peringkat ketiga setelah India dan China dalam (6)kontribusi produksi jahe dunia. Rempah-rempah Indonesia telah dikenal hingga (7)manca negara sehingga memiliki peluang pasar yang baik. Oleh karena itu, Indonesia diharapkan dapat (8)menjadi pasar rempah dunia.Soal No.3;Tidak perlu diperbaiki;“nasional”;nasional;“Nasional”;Nasional;a;;;;;;Kata nasional sudah tepat, tidak perlu ditulis dengan huruf awal besar atau diapit dengan tanda petik. Jadi, jawabannya adalah opsi (A).
Tulisan berikut diikuti oleh delapan butir pertanyaan. Pertimbangkan apakah kata atau kalimat pada setiap nomor bercetak tebal TIDAK PERLU DIPERBAIKI (A) atau diganti dengan pilihan lain yang tersedia (B, C, D, atau E).                                                                                          Jahe (Zingiber officinale var Roscoe) termasuk salah satu (1)komoditas rempah yang sangat penting di Indonesia. Berdasarkan data (2)statika, produksi jahe (3)nasional tahun 2009 mencapai lebih dari 154 ton dan diperkirakan akan terus meningkat. Menurut data BPS tahun 2010, luas penanaman rimpang jahe yang tersebar di seluruh wilayah (4)nusantara mencapai lebih dari 60 juta m2. Daerah utama penghasil jahe (5)yaitu Jawa Tengah dan Jawa Timur. Saat ini, Indonesia menempati peringkat ketiga setelah India dan China dalam (6)kontribusi produksi jahe dunia. Rempah-rempah Indonesia telah dikenal hingga (7)manca negara sehingga memiliki peluang pasar yang baik. Oleh karena itu, Indonesia diharapkan dapat (8)menjadi pasar rempah dunia.Soal No.4;Tidak perlu diperbaiki;nusantara;“nusantara”;Nusantara;“Nusantara”;d;;;;;;Karena menyebut wilayah tertentu maka penulisan nusantara seharusnya diawali dengan huruf kapital. Jadi, kata nusantara seharusnya diganti Nusantara (D).
Tulisan berikut diikuti oleh delapan butir pertanyaan. Pertimbangkan apakah kata atau kalimat pada setiap nomor bercetak tebal TIDAK PERLU DIPERBAIKI (A) atau diganti dengan pilihan lain yang tersedia (B, C, D, atau E).                                                                                          Jahe (Zingiber officinale var Roscoe) termasuk salah satu (1)komoditas rempah yang sangat penting di Indonesia. Berdasarkan data (2)statika, produksi jahe (3)nasional tahun 2009 mencapai lebih dari 154 ton dan diperkirakan akan terus meningkat. Menurut data BPS tahun 2010, luas penanaman rimpang jahe yang tersebar di seluruh wilayah (4)nusantara mencapai lebih dari 60 juta m2. Daerah utama penghasil jahe (5)yaitu Jawa Tengah dan Jawa Timur. Saat ini, Indonesia menempati peringkat ketiga setelah India dan China dalam (6)kontribusi produksi jahe dunia. Rempah-rempah Indonesia telah dikenal hingga (7)manca negara sehingga memiliki peluang pasar yang baik. Oleh karena itu, Indonesia diharapkan dapat (8)menjadi pasar rempah dunia.Soal No.5;Tidak perlu diperbaiki;jadi;adalah;contoh;dengan demikian;c;;;;;;"Kata yaitu biasanya digunakan untuk menerangkan kata atau kalimat sebelumnya dan diawali dengan koma (,). Contoh penggunaan yaitu dan adalah. ; Daerah utama penghasil jahe ada di pulau Jawa, yaitu Jawa Tengah dan Jawa Timur. ; Daerah utama penghasil jahe adalah Jawa Tengah dan Jawa Timur. Jadi, kata yaitu seharusnya diganti dengan kata adalah (C)"
Tulisan berikut diikuti oleh delapan butir pertanyaan. Pertimbangkan apakah kata atau kalimat pada setiap nomor bercetak tebal TIDAK PERLU DIPERBAIKI (A) atau diganti dengan pilihan lain yang tersedia (B, C, D, atau E).                                                                                          Jahe (Zingiber officinale var Roscoe) termasuk salah satu (1)komoditas rempah yang sangat penting di Indonesia. Berdasarkan data (2)statika, produksi jahe (3)nasional tahun 2009 mencapai lebih dari 154 ton dan diperkirakan akan terus meningkat. Menurut data BPS tahun 2010, luas penanaman rimpang jahe yang tersebar di seluruh wilayah (4)nusantara mencapai lebih dari 60 juta m2. Daerah utama penghasil jahe (5)yaitu Jawa Tengah dan Jawa Timur. Saat ini, Indonesia menempati peringkat ketiga setelah India dan China dalam (6)kontribusi produksi jahe dunia. Rempah-rempah Indonesia telah dikenal hingga (7)manca negara sehingga memiliki peluang pasar yang baik. Oleh karena itu, Indonesia diharapkan dapat (8)menjadi pasar rempah dunia.Soal No.6;Tidak perlu diperbaiki;distribusi;pembelian;pemberian;kepemilikan;a;;;;;;Kata “kontribusi” sudah tepat dan tidak perlu diperbaiki. Jadi jawabannya adalah opsi (A).
Tulisan berikut diikuti oleh delapan butir pertanyaan. Pertimbangkan apakah kata atau kalimat pada setiap nomor bercetak tebal TIDAK PERLU DIPERBAIKI (A) atau diganti dengan pilihan lain yang tersedia (B, C, D, atau E).                                                                                          Jahe (Zingiber officinale var Roscoe) termasuk salah satu (1)komoditas rempah yang sangat penting di Indonesia. Berdasarkan data (2)statika, produksi jahe (3)nasional tahun 2009 mencapai lebih dari 154 ton dan diperkirakan akan terus meningkat. Menurut data BPS tahun 2010, luas penanaman rimpang jahe yang tersebar di seluruh wilayah (4)nusantara mencapai lebih dari 60 juta m2. Daerah utama penghasil jahe (5)yaitu Jawa Tengah dan Jawa Timur. Saat ini, Indonesia menempati peringkat ketiga setelah India dan China dalam (6)kontribusi produksi jahe dunia. Rempah-rempah Indonesia telah dikenal hingga (7)manca negara sehingga memiliki peluang pasar yang baik. Oleh karena itu, Indonesia diharapkan dapat (8)menjadi pasar rempah dunia.Soal No.7;Tidak perlu diperbaiki;mancanegara;mancanagara;“mancanegara”;"“manca nagara""";b;;;;;;Karena “manca” adalah partikel maka penulisannya harus digabung dengan kata bendanya. Tidak perlu diawali dengan huruf kapital karena bukan sebutan untuk wilayah tertentu. Jadi, manca negara seharusnya ditulis mancanegara (B).
Tulisan berikut diikuti oleh delapan butir pertanyaan. Pertimbangkan apakah kata atau kalimat pada setiap nomor bercetak tebal TIDAK PERLU DIPERBAIKI (A) atau diganti dengan pilihan lain yang tersedia (B, C, D, atau E).                                                                                          Jahe (Zingiber officinale var Roscoe) termasuk salah satu (1)komoditas rempah yang sangat penting di Indonesia. Berdasarkan data (2)statika, produksi jahe (3)nasional tahun 2009 mencapai lebih dari 154 ton dan diperkirakan akan terus meningkat. Menurut data BPS tahun 2010, luas penanaman rimpang jahe yang tersebar di seluruh wilayah (4)nusantara mencapai lebih dari 60 juta m2. Daerah utama penghasil jahe (5)yaitu Jawa Tengah dan Jawa Timur. Saat ini, Indonesia menempati peringkat ketiga setelah India dan China dalam (6)kontribusi produksi jahe dunia. Rempah-rempah Indonesia telah dikenal hingga (7)manca negara sehingga memiliki peluang pasar yang baik. Oleh karena itu, Indonesia diharapkan dapat (8)menjadi pasar rempah dunia.Soal No.8;Tidak perlu diperbaiki;merajai;memuncaki;meramaikan;meningkatkan;b;;;;;;Karena Indonesia sudah menempati peringkat tiga dunia dan dikenal hingga mancanegara maka “harapan” kita Indonesia akan “merajai” pasar rempah. Jadi, kata menjadi seharusnya diganti “merajai” (B).
Suatu restoran memperkerjakan 7 pegawai. Restoran tersebut memberi gaji masing-masing Rp192.500.000,00 pada 4 pegawai. Rp178.200.000,00 pada 2 pegawai, dan Rp156.700.000,00 pada seorang pegawai. Rata-rata gaji ketujuh pegawai tersebut berkisar pada ....;Rp183.100.000,00;Rp184.100.000,00;Rp183.200.000,00;Rp184.200.000,00;Rp183.300.000,00;e;;;;;;"Rata rata = x ; x = [(192.500.000 x 4) + (178.200.000 x 2) + (156.700.000 x 1)] / 7 = 1.283.100.000 / 7 = Rp183.300.000,00 (E)"
Sebotol sirup bisa digunakan untuk membuat 60 gelas minuman jika dilarutkan dalam air dengan perbandingan 1 bagian sirup untuk 4 bagian air. Berapa gelas minuman yang diperoleh dari sebotol sirup jika perbandingan larutan adalah 1 bagian sirup untuk 5 bagian air ??;65;68;70;75;80;d;;;;;;"1 bagian sirup untuk 4 bagian air = 60 gelas ; asumsikan 4 bagian air = 4 gelas air, karena menghasilkan 60 gelas, maka 1 bagian sirup = 1/15 sirup. 1 bagian sirup untuk 5 bagian air = 1/15 sirup = 5 gelas ; 15/15 sirup = 15.5 = 75 gelas"
Luffy akan menyerang Kaido. Peluang serangannya tepat sasaran ke tubuh Kaido adalah 3/5. Akan tetapi, Kaido sangat kuat. Peluang Kaido berhasil menangkis serangan Luffy adalah 8/9. Maka, Peluang Serangan Luffy berhasil mengenai Kaido adalah....;3 per 5;1 per 9;16 per 45;24 per 45;3 per 45;e;;;;;;Serangan Luffy berhasil mengenai Kaido berarti serangan tepat sasaran dan Kaido gagal menangkis = 3/5 . 1/9 = 3/45
Sebuah kubus baja A memiliki berat 170 gram. Apabila terdapat kubus dengan bahan yang sama, dan panjang sisinya dua kali kubus A, maka beratnya adalah …… gram.;1360;1240;1120;1080;960;a;;;;;;"volume = ${ s }^{ 3 }$ = 170 gram ; Kubus b mempunyai sisi 2 kali kubus a ; v kubus b = 2s x 2s x 2s = (2s)$^{ 3 }$ = ${ 8s }^{ 3 }$, , substitusikan ${ s }^{ 3 }$ dengan 170, sehingga bentuknya menjadi 8 x 170 = 1360 (A)"
Sebuah lemari memiliki D laci. Setiap laci mengandung H wadah map, dan setiap map mengandung 20 map manila. Berapa map manila yang ada di 3 lemari seperti itu?;30D/H;30DH;60/DH;60DH;60D/H;d;;;;;;Banyak map manila (n) merupakan perkalian dari banyak lemari,  banyak laci, banyak wadah map, banyak map manila dalam wadah map. n = 3 x D x  H x 20 = 60DH. Jadi, banyak map manila yang ada di 3 lemari seperti itu adalah 60DH (D).
Dua lukisan persegi panjang, R dan S, memiliki luas yang sama. Lukisan R berukuran 2 kaki × 6 kaki. Jika lukisan S memiliki tinggi 4 kaki. Berapakah lebar lukisan S dalam satuan kaki?;2 3/4;3;4;8;12;b;;;;;;"Persegi panjang R dan S mempunyai luas yang sama. ; LR = LS ; 2 x 6 = 4 x l ; 4l = 12 ; l = 3. ; Jadi, lebar lukisan S adalah 3 kaki (B)."
Jika cos x = 2/5 maka sin (90+x) = …;2 per 5;3 per 5;4 per 5;1;1 per 2;a;;;;;;"Cos x = 2/5 ; sin (90+x) = cos x = 2/5"
Jika x1 dan x2 adalah akar-akar dari (5-2 log x) log x = log 1000, $x{ 1 }^{ 2 }+x{ 2 }^{ 2 }$ adalah ….;0;10;100;110;1100;e;;;;;;"5-2 log x) log x = log 1000 ; 5 log x-$2\log { ^{ 2 } } x$ = 3 ; $2\log { ^{ 2 } } x$-5 log x+3 = 0 ; (2 log x-3) (log x-1) = 0 ; log x = 3/2 atau log x = 1 ; x1 = ${ 10 }^{ \frac { 1 }{ 2 }  }$ atau x2 = 10 ; jadi ${ x1 }^{ 2 }+{ x }2^{ 2 }$ adalah 1100"
Jika x1 dan x2 adalah solusi dari persamaan $3^{ 2x+2 }-28.3^{ x }+3=0$, x1 + x2 adalah …..;-2;-1;0;1;2;b;;;;;;"${ 3 }^{ 2x+2 }-28.{ 3 }^{ x }+3=0$ ; 9. ${ 3 }^{ 2x+2 }-28.{ 3 }^{ x }+3=0$ ; (9.${ 3 }^{ x }$-1)(${ 3 }^{ x }$-3) = 0 ; ${ 3 }^{ x }$ = 1/9 = ${ 3 }^{ -2 }$ atau ${ 3 }^{ x }$ = ${ 3 }^{ 1 }$ ; x1 = -2 atau x2 = 1, jadi x1+x2 = -1"
Pertidaksamaan 2x-a > $\frac { x-1 }{ 2 } +\frac { ax }{ 3 }$ mempunyai penyelesaian x > 5. Nilai a adalah…;2;3;4;5;6;b;;;;;;"2x-a > x-1/2 + ax/3 ; 12x-6a > 3x-3+2ax ; (9-2a)x > 6a-3 ; x > 6a-3/9-2a ; 6a-3/9-2a = 5 ; 6a-3 = 45-10a ; 16a = 48 ; a = 3"
